104fcd3,Abdullah Farsid,"Wed, 27 Nov 2024 20:31:49 +0000",Update based on lab comment 27.11.24
 4 files changed, 0 insertions(+), 0 deletions(-),
,,,
1a3e041,Abdullah Farsid,"Mon, 25 Nov 2024 21:42:22 +0000",Update-after-feedback on 25-11-24
 3 files changed, 0 insertions(+), 0 deletions(-),
,,,
759a8a8,Abdullah Farsid,"Fri, 22 Nov 2024 10:02:58 +0000",ds_store
 1 file changed, 0 insertions(+), 0 deletions(-),
,,,
a0248cf,Abdullah Farsid,"Fri, 22 Nov 2024 10:02:04 +0000",Git_log_csv
 1 file changed, 2 insertions(+),,
,,,
4035b17,Abdullah Farsid,"Fri, 22 Nov 2024 02:37:17 +0000",Git Log
 2 files changed, 1 insertion(+),,
,,,
0e1c9bd,Abdullah Farsid,"Fri, 22 Nov 2024 02:28:27 +0000",A 249 Data Visualization
 11 files changed, 293 insertions(+),,